customer_id,first_name,last_name,email,membership_level
1,Todd,Clarke,ToddClarke@hotmail,Gold
2,Elijah,Yoder,ElijahYoder@gmail.com,Gold
3,Carlos,Camacho,CarlosCamacho@yahoo,Basic
4,Jennifer,Hanna,JenniferHanna@yahoo,Gold
5,Andrew,Martinez,AndrewMartinez@gmail.com,Basic
6,Chelsea,Gray,ChelseaGray@gmail.com,Platinum
7,Nicholas,Brown,NicholasBrown@hotmail,Platinum
8,Cody,Faulkner,CodyFaulkner@hotmail,Platinum
9,Frederick,Morrison,FrederickMorrison@gmail.com,Basic
10,Tracy,Rice,TracyRice@yahoo,Gold
11,Michelle,Walker,MichelleWalker@gmail.com,Basic
12,Kendra,Gordon,KendraGordon@hotmail,Gold
13,Chase,Johnson,ChaseJohnson@gmail.com,Platinum
14,Mitchell,Williamson,MitchellWilliamson@yahoo,Gold
15,Hannah,Franco,HannahFranco@gmail.com,Platinum
16,Kristen,King,KristenKing@yahoo,Platinum
17,Sherri,Perry,SherriPerry@yahoo,Basic
18,Greg,Perkins,GregPerkins@gmail.com,Gold
19,Courtney,Miller,CourtneyMiller@gmail.com,Basic
20,Cory,Johnson,CoryJohnson@yahoo,Platinum
21,Heather,Jones,HeatherJones@yahoo,Platinum
22,Steven,Fitzgerald,StevenFitzgerald@gmail.com,Gold
23,Krystal,Mcpherson,KrystalMcpherson@hotmail,Gold
24,Angela,Fox,AngelaFox@yahoo,Basic
25,Ryan,Navarro,RyanNavarro@yahoo,Gold
26,Donna,Olsen,DonnaOlsen@gmail.com,Gold
27,Alexa,Yang,AlexaYang@hotmail,Gold
28,Kenneth,Burns,KennethBurns@gmail.com,Basic
29,Dennis,Hill,DennisHill@yahoo,Basic
30,Kathleen,Hernandez,KathleenHernandez@yahoo,Gold
31,Angela,Mckenzie,AngelaMckenzie@gmail.com,Gold
32,Shannon,Jackson,ShannonJackson@yahoo,Platinum
33,Kristina,Taylor,KristinaTaylor@hotmail,Basic
34,Alexander,Ramos,AlexanderRamos@yahoo,Gold
35,Theresa,Schroeder,TheresaSchroeder@hotmail,Basic
36,Kevin,Watson,KevinWatson@yahoo,Platinum
37,Robert,Burnett,RobertBurnett@gmail.com,Gold
38,Jesse,Jones,JesseJones@hotmail,Platinum
39,Shawn,Morgan,ShawnMorgan@yahoo,Gold
40,Travis,Osborne,TravisOsborne@yahoo,Platinum
41,Randy,Tran,RandyTran@gmail.com,Basic
42,Steven,Roberts,StevenRoberts@gmail.com,Basic
43,Caroline,Williams,CarolineWilliams@yahoo,Platinum
44,Meredith,Taylor,MeredithTaylor@hotmail,Basic
45,Jennifer,Fisher,JenniferFisher@hotmail,Basic
46,Maureen,Ruiz,MaureenRuiz@gmail.com,Gold
47,Jeffrey,Dean,JeffreyDean@gmail.com,Platinum
48,Kathleen,Carr,KathleenCarr@gmail.com,Basic
49,Jonathan,Romero,JonathanRomero@hotmail,Platinum
50,Cynthia,Thomas,CynthiaThomas@hotmail,Platinum
51,Justin,Edwards,JustinEdwards@gmail.com,Gold
52,Ryan,Holmes,RyanHolmes@yahoo,Gold
53,Margaret,Diaz,MargaretDiaz@gmail.com,Platinum
54,Frank,Perez,FrankPerez@gmail.com,Gold
55,Tracy,Spence,TracySpence@hotmail,Basic
56,Curtis,Collier,CurtisCollier@yahoo,Gold
57,Sally,Perkins,SallyPerkins@hotmail,Gold
58,Lorraine,Martin,LorraineMartin@yahoo,Platinum
59,Ashley,Thomas,AshleyThomas@hotmail,Gold
60,Jonathan,Richards,JonathanRichards@yahoo,Basic
61,Margaret,Weber,MargaretWeber@yahoo,Basic
62,Ricky,Chan,RickyChan@yahoo,Platinum
63,Aaron,Holmes,AaronHolmes@yahoo,Platinum
64,Jeremy,Chang,JeremyChang@yahoo,Gold
65,Brittany,Martin,BrittanyMartin@gmail.com,Platinum
66,William,Myers,WilliamMyers@hotmail,Basic
67,Kayla,Carter,KaylaCarter@gmail.com,Basic
68,Kevin,Mullins,KevinMullins@hotmail,Platinum
69,Brian,Johnson,BrianJohnson@hotmail,Basic
70,Jessica,Gutierrez,JessicaGutierrez@yahoo,Basic
71,Kendra,Turner,KendraTurner@yahoo,Platinum
72,Micheal,Johnson,MichealJohnson@yahoo,Basic
73,Heidi,Nelson,HeidiNelson@gmail.com,Gold
74,Michele,Hendricks,MicheleHendricks@yahoo,Basic
75,Jacob,Trevino,JacobTrevino@yahoo,Platinum
76,Stacey,Craig,StaceyCraig@gmail.com,Platinum
77,Luis,Sanchez,LuisSanchez@hotmail,Platinum
78,Joanna,Oliver,JoannaOliver@hotmail,Gold
79,Deborah,Mcdowell,DeborahMcdowell@yahoo,Platinum
80,Wendy,Padilla,WendyPadilla@yahoo,Platinum
81,Sara,Gutierrez,SaraGutierrez@hotmail,Basic
82,Sophia,Gill,SophiaGill@hotmail,Gold
83,Roger,Herrera,RogerHerrera@gmail.com,Platinum
84,Melissa,Edwards,MelissaEdwards@gmail.com,Gold
85,Madison,Perry,MadisonPerry@yahoo,Gold
86,Christopher,Fuller,ChristopherFuller@gmail.com,Platinum
87,Brianna,Holt,BriannaHolt@yahoo,Platinum
88,Patty,Cobb,PattyCobb@hotmail,Platinum
89,Stephen,Hall,StephenHall@gmail.com,Basic
90,Carrie,Morgan,CarrieMorgan@hotmail,Gold
91,Katrina,Scott,KatrinaScott@yahoo,Gold
92,Eric,Wood,EricWood@yahoo,Platinum
93,Garrett,Harrell,GarrettHarrell@hotmail,Basic
94,Sheila,Long,SheilaLong@hotmail,Gold
95,Timothy,Jones,TimothyJones@hotmail,Gold
96,Allen,Lewis,AllenLewis@yahoo,Platinum
97,Robert,Mcfarland,RobertMcfarland@hotmail,Platinum
98,Amy,Scott,AmyScott@hotmail,Platinum
99,Michael,Howell,MichaelHowell@hotmail,Platinum
100,Angela,Peck,AngelaPeck@hotmail,Basic
